"iso","humans"
1,6619802707.74851
2,10046835862.439
3,13037099379.5789
4,5864788312.02345
